<?xml version="1.0" encoding="UTF-8" standalone="yes"?>
<addon id="plugin.video.KRUSHEDTV VENGEANCE" name="KRUSHEDTV VENGEANCE" version="1.0.1" provider-name="KRUSHEDTV.com">
  <requires>
    <import addon="xbmc.python" version="2.1.0"/>
  </requires>
  <extension point="xbmc.python.pluginsource" library="default.py">
        <provides>video executable</provides>
  </extension>
  <extension point="xbmc.addon.metadata">
    <summary lang="en">KRUSHED TV</summary>
    <description lang="en">THANK YOU TO QUEEN T / TO ORDER 317 666 5555 / ##ALEXANDER MONECRISTO##
##KRUSHEDTV##</description>
    <platform>all</platform>
  </extension>
</addon>
